"fed_2012","licences","ratio","age","sex","federation"
101,1124,3.9444270930204,"all","all","Fédération Française d'athlétisme"
101,47,1.50732818062282,"20_29","f","Fédération Française d'athlétisme"
101,42,5.81073602656336,"5_9","h","Fédération Française d'athlétisme"
101,0,0,"0_4","h","Fédération Française d'athlétisme"
101,68,6.00865953874702,"15_19","f","Fédération Française d'athlétisme"
101,645,4.78490196514811,"all","h","Fédération Française d'athlétisme"
101,104,15.2113500073131,"10_14","f","Fédération Française d'athlétisme"
101,28,3.89105058365759,"5_9","f","Fédération Française d'athlétisme"
101,0,0,"75_99","f","Fédération Française d'athlétisme"
101,36,2.12765957446809,"60_74","f","Fédération Française d'athlétisme"
101,81,2.6664033181908,"20_29","h","Fédération Française d'athlétisme"
101,91,3.5108024691358,"45_59","f","Fédération Française d'athlétisme"
101,479,3.18993074054342,"all","f","Fédération Française d'athlétisme"
101,103,3.74082951986635,"30_44","f","Fédération Française d'athlétisme"
101,226,3.97411549553352,"30_44","all","Fédération Française d'athlétisme"
101,2,0.270526173407277,"75_99","h","Fédération Française d'athlétisme"
101,74,2.53121258765179,"60_74","all","Fédération Française d'athlétisme"
101,220,4.53290476779165,"45_59","all","Fédération Française d'athlétisme"
101,129,2.09555060998392,"20_29","all","Fédération Française d'athlétisme"
101,38,3.08541734329328,"60_74","h","Fédération Française d'athlétisme"
101,129,5.70443088352348,"45_59","h","Fédération Française d'athlétisme"
101,123,4.19308652076089,"30_44","h","Fédération Française d'athlétisme"
101,0,0,"0_4","f","Fédération Française d'athlétisme"
101,144,20.7732256203116,"10_14","h","Fédération Française d'athlétisme"
101,70,4.85302273987798,"5_9","all","Fédération Française d'athlétisme"
101,248,18.0127832655433,"10_14","all","Fédération Française d'athlétisme"
101,2,0.0883080183680678,"75_99","all","Fédération Française d'athlétisme"
101,155,7.22577036035616,"15_19","all","Fédération Française d'athlétisme"
101,86,8.48628379711861,"15_19","h","Fédération Française d'athlétisme"
101,0,0,"0_4","all","Fédération Française d'athlétisme"
102,56,2.16049382716049,"45_59","f","Fédération Française des sociétés d'aviron"
102,0,0,"0_4","h","Fédération Française des sociétés d'aviron"
102,141,4.52198454186845,"20_29","f","Fédération Française des sociétés d'aviron"
102,5,0.676315433518193,"75_99","h","Fédération Française des sociétés d'aviron"
102,0,0,"5_9","f","Fédération Française des sociétés d'aviron"
102,6,0.354609929078014,"60_74","f","Fédération Française des sociétés d'aviron"
102,795,5.89766986401976,"all","h","Fédération Française des sociétés d'aviron"
102,43,3.49139330951608,"60_74","h","Fédération Française des sociétés d'aviron"
102,0,0,"5_9","all","Fédération Française des sociétés d'aviron"
102,44,3.88795617213042,"15_19","f","Fédération Française des sociétés d'aviron"
102,0,0,"0_4","f","Fédération Française des sociétés d'aviron"
102,95,13.7045585689556,"10_14","h","Fédération Française des sociétés d'aviron"
102,155,15.2950463785277,"15_19","h","Fédération Française des sociétés d'aviron"
102,0,0,"5_9","h","Fédération Française des sociétés d'aviron"
102,131,4.46580759528193,"30_44","h","Fédération Française des sociétés d'aviron"
102,385,6.25416267320782,"20_29","all","Fédération Française des sociétés d'aviron"
102,177,3.64692792681419,"45_59","all","Fédération Française des sociétés d'aviron"
102,38,5.55799327190288,"10_14","f","Fédération Française des sociétés d'aviron"
102,133,9.66008134805346,"10_14","all","Fédération Française des sociétés d'aviron"
102,0,0,"75_99","f","Fédération Française des sociétés d'aviron"
102,82,2.97813612261204,"30_44","f","Fédération Française des sociétés d'aviron"
102,245,8.06504707354006,"20_29","h","Fédération Française des sociétés d'aviron"
102,49,1.67607319993159,"60_74","all","Fédération Française des sociétés d'aviron"
102,1162,4.07777961040009,"all","all","Fédération Française des sociétés d'aviron"
102,200,9.32357465852408,"15_19","all","Fédération Française des sociétés d'aviron"
102,5,0.22077004592017,"75_99","all","Fédération Française des sociétés d'aviron"
102,0,0,"0_4","all","Fédération Française des sociétés d'aviron"
102,214,3.76310051346979,"30_44","all","Fédération Française des sociétés d'aviron"
102,367,2.44405966968567,"all","f","Fédération Française des sociétés d'aviron"
102,120,5.30644733351021,"45_59","h","Fédération Française des sociétés d'aviron"
103,8,1.10680686220255,"5_9","h","Fédération Française de badminton"
103,0,0,"75_99","h","Fédération Française de badminton"
103,0,0,"0_4","f","Fédération Française de badminton"
103,177,5.67653378660081,"20_29","f","Fédération Française de badminton"
103,386,6.27040725157979,"20_29","all","Fédération Française de badminton"
103,46,6.72809711861928,"10_14","f","Fédération Française de badminton"
103,0,0,"0_4","h","Fédération Française de badminton"
103,772,5.72704545285944,"all","h","Fédération Française de badminton"
103,1,0.0591016548463357,"60_74","f","Fédération Française de badminton"
103,209,6.87997893212193,"20_29","h","Fédération Française de badminton"
103,461,8.10649222761483,"30_44","all","Fédération Française de badminton"
103,0,0,"75_99","f","Fédération Française de badminton"
103,1228,4.30939187742798,"all","all","Fédération Française de badminton"
103,100,2.06041125808711,"45_59","all","Fédération Française de badminton"
103,4,0.32478077297824,"60_74","h","Fédération Française de badminton"
103,5,0.17102787754404,"60_74","all","Fédération Française de badminton"
103,49,4.32976937350888,"15_19","f","Fédération Française de badminton"
103,311,10.6020317720052,"30_44","h","Fédération Française de badminton"
103,84,12.1177149451818,"10_14","h","Fédération Française de badminton"
103,28,1.08024691358025,"45_59","f","Fédération Française de badminton"
103,72,3.18386840010613,"45_59","h","Fédération Française de badminton"
103,150,5.44780998038788,"30_44","f","Fédération Française de badminton"
103,0,0,"0_4","all","Fédération Française de badminton"
103,456,3.03676078849227,"all","f","Fédération Française de badminton"
103,0,0,"75_99","all","Fédération Française de badminton"
103,12,0.831946755407654,"5_9","all","Fédération Française de badminton"
103,84,8.28892835997632,"15_19","h","Fédération Française de badminton"
103,4,0.555864369093941,"5_9","f","Fédération Française de badminton"
103,133,6.20017714791851,"15_19","all","Fédération Française de badminton"
103,130,9.44218477629285,"10_14","all","Fédération Française de badminton"
105,7,0.41371158392435,"60_74","f","Fédération Française de basketball"
105,479,7.78115304017284,"20_29","all","Fédération Française de basketball"
105,1565,11.6098784115609,"all","h","Fédération Française de basketball"
105,0,0,"0_4","h","Fédération Française de basketball"
105,251,34.7260653016049,"5_9","h","Fédération Française de basketball"
105,0,0,"0_4","f","Fédération Française de basketball"
105,157,5.03511753952728,"20_29","f","Fédération Française de basketball"
105,81,11.2562534741523,"5_9","f","Fédération Française de basketball"
105,199,29.1063331870704,"10_14","f","Fédération Française de basketball"
105,40,1.54320987654321,"45_59","f","Fédération Française de basketball"
105,141,12.4591322788725,"15_19","f","Fédération Française de basketball"
105,2271,7.96956755182324,"all","all","Fédération Française de basketball"
105,371,17.2952309915622,"15_19","all","Fédération Française de basketball"
105,9,0.397386082656305,"75_99","all","Fédération Française de basketball"
105,1,0.0655522779416585,"75_99","f","Fédération Française de basketball"
105,8,1.08210469362911,"75_99","h","Fédération Française de basketball"
105,0,0,"0_4","all","Fédération Française de basketball"
105,138,2.84336753616022,"45_59","all","Fédération Française de basketball"
105,79,2.86917992300429,"30_44","f","Fédération Française de basketball"
105,407,58.7132140796307,"10_14","h","Fédération Française de basketball"
105,300,5.27537455159316,"30_44","all","Fédération Française de basketball"
105,322,10.5997761537955,"20_29","h","Fédération Française de basketball"
105,221,7.53391968364355,"30_44","h","Fédération Française de basketball"
105,36,1.23140071831709,"60_74","all","Fédération Française de basketball"
105,230,22.6958752713637,"15_19","h","Fédération Française de basketball"
105,332,23.0171935662784,"5_9","all","Fédération Française de basketball"
105,705,4.69499200852424,"all","f","Fédération Française de basketball"
105,29,2.35466060409224,"60_74","h","Fédération Française de basketball"
105,606,44.0151074956421,"10_14","all","Fédération Française de basketball"
105,98,4.33359865570001,"45_59","h","Fédération Française de basketball"
109,403,35.6101440311037,"15_19","f","Fédération Française d'équitation"
109,323,10.3588723902376,"20_29","f","Fédération Française d'équitation"
109,1,0.118063754427391,"0_4","h","Fédération Française d'équitation"
109,48,6.64084117321527,"5_9","h","Fédération Française d'équitation"
109,351,2.60387688335967,"all","h","Fédération Française d'équitation"
109,83,11.9734564339296,"10_14","h","Fédération Française d'équitation"
109,36,3.55239786856128,"15_19","h","Fédération Française d'équitation"
109,725,106.040661108673,"10_14","f","Fédération Française d'équitation"
109,1954,13.0127863612147,"all","f","Fédération Française d'équitation"
109,0,0,"75_99","all","Fédération Française d'équitation"
109,167,6.06522844483184,"30_44","f","Fédération Française d'équitation"
109,87,3.35648148148148,"45_59","f","Fédération Française d'équitation"
109,31,1.06037284077305,"60_74","all","Fédération Française d'équitation"
109,5,0.295508274231678,"60_74","f","Fédération Française d'équitation"
109,0,0,"75_99","f","Fédération Française d'équitation"
109,46,1.5142537362565,"20_29","h","Fédération Française d'équitation"
109,6,0.749906261717285,"0_4","f","Fédération Française d'équitation"
109,238,33.0739299610895,"5_9","f","Fédération Française d'équitation"
109,2306,8.09239223888349,"all","all","Fédération Française d'équitation"
109,7,0.424989375265618,"0_4","all","Fédération Française d'équitation"
109,369,5.99424941925632,"20_29","all","Fédération Française d'équitation"
109,26,2.11107502435856,"60_74","h","Fédération Française d'équitation"
109,0,0,"75_99","h","Fédération Française d'équitation"
109,155,3.19363745003503,"45_59","all","Fédération Française d'équitation"
109,286,19.8280643372157,"5_9","all","Fédération Française d'équitation"
109,42,1.43178564123543,"30_44","h","Fédération Française d'équitation"
109,68,3.00698682232245,"45_59","h","Fédération Française d'équitation"
109,808,58.6868099941894,"10_14","all","Fédération Française d'équitation"
109,439,20.4652463754604,"15_19","all","Fédération Française d'équitation"
109,210,3.69276218611521,"30_44","all","Fédération Française d'équitation"
111,6622,23.2384307917981,"all","all","Fédération Française de football"
111,62,1.98839036592797,"20_29","f","Fédération Française de football"
111,0,0,"0_4","h","Fédération Française de football"
111,1259,91.4439279488669,"10_14","all","Fédération Française de football"
111,9,0.397386082656305,"75_99","all","Fédération Française de football"
111,0,0,"0_4","all","Fédération Française de football"
111,6414,47.5819553557519,"all","h","Fédération Française de football"
111,464,9.56030823752421,"45_59","all","Fédération Française de football"
111,1218,175.706866705136,"10_14","h","Fédération Française de football"
111,726,100.442722744881,"5_9","h","Fédération Française de football"
111,15,2.08449138410228,"5_9","f","Fédération Française de football"
111,871,40.6041676378724,"15_19","all","Fédération Française de football"
111,29,2.56251656799505,"15_19","f","Fédération Française de football"
111,1629,53.6243333991705,"20_29","h","Fédération Française de football"
111,841,82.9879613183343,"15_19","h","Fédération Française de football"
111,41,5.99678221442153,"10_14","f","Fédération Française de football"
111,208,1.38518913159297,"all","f","Fédération Française de football"
111,35,1.27115566209051,"30_44","f","Fédération Française de football"
111,0,0,"75_99","f","Fédération Française de football"
111,741,51.3727121464226,"5_9","all","Fédération Française de football"
111,9,1.21736778033275,"75_99","h","Fédération Française de football"
111,7,0.41371158392435,"60_74","f","Fédération Française de football"
111,0,0,"0_4","f","Fédération Française de football"
111,107,3.65999657944245,"60_74","all","Fédération Française de football"
111,1445,49.2602440853617,"30_44","h","Fédération Française de football"
111,1480,26.0251811211929,"30_44","all","Fédération Française de football"
111,18,0.694444444444444,"45_59","f","Fédération Française de football"
111,100,8.11951932445599,"60_74","h","Fédération Française de football"
111,1691,27.4695820269985,"20_29","all","Fédération Française de football"
111,446,19.7222959228796,"45_59","h","Fédération Française de football"
113,29,4.18349682631275,"10_14","h","Fédération Française de gymnastique"
113,10,0.32918559483837,"20_29","h","Fédération Française de gymnastique"
113,22,2.17090980856523,"15_19","h","Fédération Française de gymnastique"
113,777,2.72670805273741,"all","all","Fédération Française de gymnastique"
113,40,1.28283249414708,"20_29","f","Fédération Française de gymnastique"
113,10,0.340901343151292,"30_44","h","Fédération Française de gymnastique"
113,41,5.67238516878805,"5_9","h","Fédération Française de gymnastique"
113,39,2.36779794790844,"0_4","all","Fédération Française de gymnastique"
113,16,1.88902007083825,"0_4","h","Fédération Française de gymnastique"
113,237,16.4309484193012,"5_9","all","Fédération Française de gymnastique"
113,9,0.397983550013266,"45_59","h","Fédération Française de gymnastique"
113,146,1.08309408823508,"all","h","Fédération Française de gymnastique"
113,52,1.88857412653447,"30_44","f","Fédération Française de gymnastique"
113,195,28.5212812637122,"10_14","f","Fédération Française de gymnastique"
113,74,3.44972262365391,"15_19","all","Fédération Française de gymnastique"
113,631,4.20218433670751,"all","f","Fédération Française de gymnastique"
113,52,4.59485729433595,"15_19","f","Fédération Française de gymnastique"
113,42,1.62037037037037,"45_59","f","Fédération Française de gymnastique"
113,2,0.131104555883317,"75_99","f","Fédération Française de gymnastique"
113,8,0.649561545956479,"60_74","h","Fédération Française de gymnastique"
113,51,0.828473496970386,"20_29","all","Fédération Française de gymnastique"
113,2,0.0883080183680678,"75_99","all","Fédération Française de gymnastique"
113,224,16.2696106914585,"10_14","all","Fédération Française de gymnastique"
113,36,1.23140071831709,"60_74","all","Fédération Française de gymnastique"
113,28,1.6548463356974,"60_74","f","Fédération Française de gymnastique"
113,52,1.0714138542053,"45_59","all","Fédération Française de gymnastique"
113,24,2.99962504686914,"0_4","f","Fédération Française de gymnastique"
113,0,0,"75_99","h","Fédération Française de gymnastique"
113,196,27.2373540856031,"5_9","f","Fédération Française de gymnastique"
113,62,1.09024407399592,"30_44","all","Fédération Française de gymnastique"
115,121,3.88056829479491,"20_29","f","Fédération Française de handball"
115,2,0.236127508854782,"0_4","h","Fédération Française de handball"
115,221,30.5755395683453,"5_9","h","Fédération Française de handball"
115,71,2.5786300573836,"30_44","f","Fédération Française de handball"
115,401,57.8476630121177,"10_14","h","Fédération Française de handball"
115,196,19.3408328399447,"15_19","h","Fédération Française de handball"
115,1843,6.46759709291512,"all","all","Fédération Française de handball"
115,1284,9.52529321434135,"all","h","Fédération Française de handball"
115,4,0.242851071580353,"0_4","all","Fédération Française de handball"
115,76,6.71556066095255,"15_19","f","Fédération Française de handball"
115,240,7.90045427612088,"20_29","h","Fédération Française de handball"
115,16,0.617283950617284,"45_59","f","Fédération Française de handball"
115,73,10.1445247359644,"5_9","f","Fédération Française de handball"
115,295,20.4520244037715,"5_9","all","Fédération Française de handball"
115,151,5.14761028158451,"30_44","h","Fédération Française de handball"
115,2,0.249968753905762,"0_4","f","Fédération Française de handball"
115,197,28.8138072253913,"10_14","f","Fédération Française de handball"
115,598,43.4340499709471,"10_14","all","Fédération Française de handball"
115,0,0,"75_99","f","Fédération Française de handball"
115,56,2.47634208897143,"45_59","h","Fédération Française de handball"
115,4,0.236406619385343,"60_74","f","Fédération Française de handball"
115,560,3.72935535428876,"all","f","Fédération Française de handball"
115,272,12.6800615355927,"15_19","all","Fédération Française de handball"
115,0,0,"75_99","all","Fédération Française de handball"
115,17,1.38031828515752,"60_74","h","Fédération Française de handball"
115,361,5.86429279228058,"20_29","all","Fédération Française de handball"
115,0,0,"75_99","h","Fédération Française de handball"
115,222,3.90377716817894,"30_44","all","Fédération Française de handball"
115,71,1.46289199324185,"45_59","all","Fédération Française de handball"
115,21,0.718317085684967,"60_74","all","Fédération Française de handball"
117,561,77.6148312119535,"5_9","h","Fédération Française de judo-jujitsu, kendo et disciplines associées"
117,10,0.607127678950883,"0_4","all","Fédération Française de judo-jujitsu, kendo et disciplines associées"
117,272,39.2383150605886,"10_14","h","Fédération Française de judo-jujitsu, kendo et disciplines associées"
117,8,0.944510035419126,"0_4","h","Fédération Française de judo-jujitsu, kendo et disciplines associées"
117,184,6.05701494502601,"20_29","h","Fédération Française de judo-jujitsu, kendo et disciplines associées"
117,168,7.83180271316023,"15_19","all","Fédération Française de judo-jujitsu, kendo et disciplines associées"
117,54,1.73182386709855,"20_29","f","Fédération Française de judo-jujitsu, kendo et disciplines associées"
117,683,47.3516361619523,"5_9","all","Fédération Française de judo-jujitsu, kendo et disciplines associées"
117,1365,10.126187879732,"all","h","Fédération Française de judo-jujitsu, kendo et disciplines associées"
117,2,0.249968753905762,"0_4","f","Fédération Française de judo-jujitsu, kendo et disciplines associées"
117,1704,5.9798076214473,"all","all","Fédération Française de judo-jujitsu, kendo et disciplines associées"
117,44,1.59802426091378,"30_44","f","Fédération Française de judo-jujitsu, kendo et disciplines associées"
117,141,13.9135583185317,"15_19","h","Fédération Française de judo-jujitsu, kendo et disciplines associées"
117,123,4.19308652076089,"30_44","h","Fédération Française de judo-jujitsu, kendo et disciplines associées"
117,330,23.9686228936665,"10_14","all","Fédération Française de judo-jujitsu, kendo et disciplines associées"
117,167,2.93662516705353,"30_44","all","Fédération Française de judo-jujitsu, kendo et disciplines associées"
117,62,2.74166445564694,"45_59","h","Fédération Française de judo-jujitsu, kendo et disciplines associées"
117,5,0.295508274231678,"60_74","f","Fédération Française de judo-jujitsu, kendo et disciplines associées"
117,122,16.9538632573652,"5_9","f","Fédération Française de judo-jujitsu, kendo et disciplines associées"
117,58,8.48325288869387,"10_14","f","Fédération Française de judo-jujitsu, kendo et disciplines associées"
117,24,0.925925925925926,"45_59","f","Fédération Française de judo-jujitsu, kendo et disciplines associées"
117,238,3.86620965252847,"20_29","all","Fédération Française de judo-jujitsu, kendo et disciplines associées"
117,8,0.649561545956479,"60_74","h","Fédération Française de judo-jujitsu, kendo et disciplines associées"
117,27,2.38579128744367,"15_19","f","Fédération Française de judo-jujitsu, kendo et disciplines associées"
117,6,0.811578520221831,"75_99","h","Fédération Française de judo-jujitsu, kendo et disciplines associées"
117,2,0.131104555883317,"75_99","f","Fédération Française de judo-jujitsu, kendo et disciplines associées"
117,86,1.77195368195492,"45_59","all","Fédération Française de judo-jujitsu, kendo et disciplines associées"
117,13,0.444672481614503,"60_74","all","Fédération Française de judo-jujitsu, kendo et disciplines associées"
117,339,2.25759190197123,"all","f","Fédération Française de judo-jujitsu, kendo et disciplines associées"
117,8,0.353232073472271,"75_99","all","Fédération Française de judo-jujitsu, kendo et disciplines associées"
119,184,26.5435660703982,"10_14","h","Fédération Française de natation"
119,23,1.39639366158703,"0_4","all","Fédération Française de natation"
119,77,10.6530160486995,"5_9","h","Fédération Française de natation"
119,1174,4.11989093167789,"all","all","Fédération Française de natation"
119,182,12.6178591236828,"5_9","all","Fédération Française de natation"
119,87,8.58496151568976,"15_19","h","Fédération Française de natation"
119,239,34.9568524206523,"10_14","f","Fédération Française de natation"
119,14,1.65289256198347,"0_4","h","Fédération Française de natation"
119,105,14.591439688716,"5_9","f","Fédération Française de natation"
119,56,1.84343933109487,"20_29","h","Fédération Française de natation"
119,574,4.25819182634886,"all","h","Fédération Française de natation"
119,91,1.47825663184912,"20_29","all","Fédération Française de natation"
119,112,9.89661571087744,"15_19","f","Fédération Française de natation"
119,423,30.7234166182452,"10_14","all","Fédération Française de natation"
119,41,1.58179012345679,"45_59","f","Fédération Française de natation"
119,51,1.85225539333188,"30_44","f","Fédération Française de natation"
119,35,1.12247843237869,"20_29","f","Fédération Française de natation"
119,3,0.405789260110916,"75_99","h","Fédération Française de natation"
119,199,9.27695678523146,"15_19","all","Fédération Française de natation"
119,80,2.72721074521034,"30_44","h","Fédération Française de natation"
119,108,2.22524415873408,"45_59","all","Fédération Française de natation"
119,14,0.478878057123311,"60_74","all","Fédération Française de natation"
119,9,1.12485939257593,"0_4","f","Fédération Française de natation"
119,0,0,"75_99","f","Fédération Française de natation"
119,8,0.472813238770686,"60_74","f","Fédération Française de natation"
119,3,0.132462027552102,"75_99","all","Fédération Française de natation"
119,131,2.30358022086235,"30_44","all","Fédération Française de natation"
119,6,0.48717115946736,"60_74","h","Fédération Française de natation"
119,67,2.96276642787654,"45_59","h","Fédération Française de natation"
119,600,3.9957378795951,"all","f","Fédération Française de natation"
123,5422,19.0272986640183,"all","all","Fédération Française de tennis"
123,516,50.9177027827117,"15_19","h","Fédération Française de tennis"
123,2,0.121425535790177,"0_4","all","Fédération Française de tennis"
123,2,0.236127508854782,"0_4","h","Fédération Française de tennis"
123,956,137.911136757069,"10_14","h","Fédération Française de tennis"
123,787,26.8289357060067,"30_44","h","Fédération Française de tennis"
123,627,43.4692179700499,"5_9","all","Fédération Française de tennis"
123,227,8.75771604938272,"45_59","f","Fédération Française de tennis"
123,462,63.918096292197,"5_9","h","Fédération Française de tennis"
123,549,8.91827352621063,"20_29","all","Fédération Française de tennis"
123,3723,27.6188992499944,"all","h","Fédération Française de tennis"
123,1399,101.612434631028,"10_14","all","Fédération Française de tennis"
123,363,11.9494370926328,"20_29","h","Fédération Française de tennis"
123,443,64.7945005119204,"10_14","f","Fédération Française de tennis"
123,455,20.1202794728929,"45_59","h","Fédération Française de tennis"
123,151,12.2604741799285,"60_74","h","Fédération Française de tennis"
123,165,22.9294052251251,"5_9","f","Fédération Française de tennis"
123,682,14.0520047801541,"45_59","all","Fédération Française de tennis"
123,30,4.05789260110916,"75_99","h","Fédération Française de tennis"
123,0,0,"0_4","f","Fédération Française de tennis"
123,779,36.3153232949513,"15_19","all","Fédération Française de tennis"
123,263,23.2393743925068,"15_19","f","Fédération Française de tennis"
123,217,7.42260988541132,"60_74","all","Fédération Française de tennis"
123,66,3.90070921985816,"60_74","f","Fédération Française de tennis"
123,186,5.96517109778391,"20_29","f","Fédération Française de tennis"
123,338,12.275731822474,"30_44","f","Fédération Française de tennis"
123,1126,19.800239150313,"30_44","all","Fédération Française de tennis"
123,10,0.655522779416585,"75_99","f","Fédération Française de tennis"
123,1699,11.3145977623868,"all","f","Fédération Française de tennis"
123,40,1.76616036736136,"75_99","all","Fédération Française de tennis"
124,38,5.25733259546209,"5_9","h","Fédération Française de tennis de Table"
124,0,0,"0_4","h","Fédération Française de tennis de Table"
124,110,10.8545490428261,"15_19","h","Fédération Française de tennis de Table"
124,194,27.9861511829198,"10_14","h","Fédération Française de tennis de Table"
124,870,6.45405381345559,"all","h","Fédération Française de tennis de Table"
124,975,3.42154485382108,"all","all","Fédération Française de tennis de Table"
124,4,0.236406619385343,"60_74","f","Fédération Française de tennis de Table"
124,44,3.05047143649473,"5_9","all","Fédération Française de tennis de Table"
124,197,6.71575646008045,"30_44","h","Fédération Française de tennis de Table"
124,122,4.01606425702811,"20_29","h","Fédération Française de tennis de Table"
124,0,0,"0_4","all","Fédération Française de tennis de Table"
124,0,0,"75_99","f","Fédération Française de tennis de Table"
124,57,4.62812601493992,"60_74","h","Fédération Française de tennis de Table"
124,13,1.90141875091414,"10_14","f","Fédération Française de tennis de Table"
124,6,0.833796553640912,"5_9","f","Fédération Française de tennis de Table"
124,29,1.11882716049383,"45_59","f","Fédération Française de tennis de Table"
124,0,0,"0_4","f","Fédération Française de tennis de Table"
124,128,5.66021048907756,"45_59","h","Fédération Française de tennis de Table"
124,207,15.0348634514817,"10_14","all","Fédération Française de tennis de Table"
124,24,3.24631408088733,"75_99","h","Fédération Française de tennis de Table"
124,157,3.23484567519677,"45_59","all","Fédération Française de tennis de Table"
124,148,2.40419759905132,"20_29","all","Fédération Française de tennis de Table"
124,12,1.0603516833083,"15_19","f","Fédération Française de tennis de Table"
124,122,5.68738054169969,"15_19","all","Fédération Française de tennis de Table"
124,212,3.7279313497925,"30_44","all","Fédération Française de tennis de Table"
124,61,2.08654010603728,"60_74","all","Fédération Française de tennis de Table"
124,15,0.544780998038788,"30_44","f","Fédération Française de tennis de Table"
124,26,0.8338411211956,"20_29","f","Fédération Française de tennis de Table"
124,24,1.05969622041681,"75_99","all","Fédération Française de tennis de Table"
124,105,0.699254128929142,"all","f","Fédération Française de tennis de Table"
128,461,66.5031736872476,"10_14","h","Fédération Française de voile"
128,2168,16.083205365025,"all","h","Fédération Française de voile"
128,3101,10.8822672735376,"all","all","Fédération Française de voile"
128,189,18.6500888099467,"15_19","h","Fédération Française de voile"
128,488,33.8325013865779,"5_9","all","Fédération Française de voile"
128,9,0.531914893617021,"60_74","f","Fédération Française de voile"
128,152,13.4311213219051,"15_19","f","Fédération Française de voile"
128,12,0.72855321474106,"0_4","all","Fédération Française de voile"
128,314,43.4421693414499,"5_9","h","Fédération Française de voile"
128,320,10.5339390348278,"20_29","h","Fédération Française de voile"
128,4,0.499937507811524,"0_4","f","Fédération Française de voile"
128,174,24.1801000555864,"5_9","f","Fédération Française de voile"
128,386,13.1587918456399,"30_44","h","Fédération Française de voile"
128,8,0.944510035419126,"0_4","h","Fédération Française de voile"
128,439,9.04520542300243,"45_59","all","Fédération Française de voile"
128,139,4.7545749957243,"60_74","all","Fédération Française de voile"
128,932,6.20671283963772,"all","f","Fédération Française de voile"
128,768,55.7815223707147,"10_14","all","Fédération Française de voile"
128,0,0,"75_99","f","Fédération Française de voile"
128,341,15.8966947927836,"15_19","all","Fédération Française de voile"
128,417,6.7739891811108,"20_29","all","Fédération Française de voile"
128,85,3.27932098765432,"45_59","f","Fédération Française de voile"
128,307,44.9027351177417,"10_14","f","Fédération Française de voile"
128,97,3.11086879830666,"20_29","f","Fédération Française de voile"
128,354,15.6540196338551,"45_59","h","Fédération Française de voile"
128,7,0.309078064288237,"75_99","all","Fédération Française de voile"
128,7,0.94684160692547,"75_99","h","Fédération Française de voile"
128,130,10.5553751217928,"60_74","h","Fédération Française de voile"
128,105,3.81346698627152,"30_44","f","Fédération Française de voile"
128,491,8.63402968277414,"30_44","all","Fédération Française de voile"
132,43,4.24314189855931,"15_19","h","Fédération Française de golf"
132,131,4.31233129238265,"20_29","h","Fédération Française de golf"
132,0,0,"0_4","h","Fédération Française de golf"
132,40,5.53403431101273,"5_9","h","Fédération Française de golf"
132,2339,8.20819837239743,"all","all","Fédération Française de golf"
132,244,9.41358024691358,"45_59","f","Fédération Française de golf"
132,411,14.0110452035181,"30_44","h","Fédération Française de golf"
132,93,13.4160415464512,"10_14","h","Fédération Française de golf"
132,1,0.0607127678950883,"0_4","all","Fédération Française de golf"
132,58,4.02107598447033,"5_9","all","Fédération Française de golf"
132,18,2.50138966092273,"5_9","f","Fédération Française de golf"
132,15,0.983284169124877,"75_99","f","Fédération Française de golf"
132,188,11.1111111111111,"60_74","f","Fédération Française de golf"
132,34,4.97294134854468,"10_14","f","Fédération Française de golf"
132,127,9.22428820453225,"10_14","all","Fédération Française de golf"
132,62,2.89030814414246,"15_19","all","Fédération Française de golf"
132,158,2.566643382771,"20_29","all","Fédération Française de golf"
132,19,1.67889016523814,"15_19","f","Fédération Française de golf"
132,1689,12.5297665412948,"all","h","Fédération Française de golf"
132,27,0.865911933549277,"20_29","f","Fédération Française de golf"
132,448,19.8107367117715,"45_59","h","Fédération Française de golf"
132,1,0.124984376952881,"0_4","f","Fédération Française de golf"
132,60,8.11578520221831,"75_99","h","Fédération Française de golf"
132,463,37.5933744722312,"60_74","h","Fédération Française de golf"
132,692,14.2580459059628,"45_59","all","Fédération Française de golf"
132,651,22.267829656234,"60_74","all","Fédération Française de golf"
132,650,4.32871603622802,"all","f","Fédération Française de golf"
132,75,3.31155068880254,"75_99","all","Fédération Française de golf"
132,515,9.0560596469016,"30_44","all","Fédération Française de golf"
132,104,3.77714825306893,"30_44","f","Fédération Française de golf"
245,972,3.41101702350163,"all","all","Fédération Française de la randonnée pédestre"
245,2,0.0641416247073538,"20_29","f","Fédération Française de la randonnée pédestre"
245,2,0.138657792567942,"5_9","all","Fédération Française de la randonnée pédestre"
245,3,0.182138303685265,"0_4","all","Fédération Française de la randonnée pédestre"
245,1,0.138350857775318,"5_9","h","Fédération Française de la randonnée pédestre"
245,3,0.217896571760604,"10_14","all","Fédération Française de la randonnée pédestre"
245,25,0.907968330064647,"30_44","f","Fédération Française de la randonnée pédestre"
245,386,22.8132387706856,"60_74","f","Fédération Française de la randonnée pédestre"
245,0,0,"15_19","f","Fédération Française de la randonnée pédestre"
245,4,0.131674237935348,"20_29","h","Fédération Française de la randonnée pédestre"
245,22,0.749982954932842,"30_44","h","Fédération Française de la randonnée pédestre"
245,1,0.138966092273485,"5_9","f","Fédération Française de la randonnée pédestre"
245,80,3.53763155567348,"45_59","h","Fédération Française de la randonnée pédestre"
245,1,0.118063754427391,"0_4","h","Fédération Française de la randonnée pédestre"
245,1,0.144258511252164,"10_14","h","Fédération Française de la randonnée pédestre"
245,2,0.197355437142293,"15_19","h","Fédération Française de la randonnée pédestre"
245,665,4.4286094832179,"all","f","Fédération Française de la randonnée pédestre"
245,2,0.0932357465852408,"15_19","all","Fédération Française de la randonnée pédestre"
245,52,3.40871845296624,"75_99","f","Fédération Française de la randonnée pédestre"
245,308,2.28488341901646,"all","h","Fédération Française de la randonnée pédestre"
245,6,0.0974674702318101,"20_29","all","Fédération Française de la randonnée pédestre"
245,79,3.48816672553868,"75_99","all","Fédération Française de la randonnée pédestre"
245,27,3.65210334099824,"75_99","h","Fédération Française de la randonnée pédestre"
245,194,7.48456790123457,"45_59","f","Fédération Française de la randonnée pédestre"
245,2,0.292525961679099,"10_14","f","Fédération Française de la randonnée pédestre"
245,169,13.7219876583306,"60_74","h","Fédération Française de la randonnée pédestre"
245,274,5.64552684715869,"45_59","all","Fédération Française de la randonnée pédestre"
245,47,0.826475346416262,"30_44","all","Fédération Française de la randonnée pédestre"
245,2,0.249968753905762,"0_4","f","Fédération Française de la randonnée pédestre"
245,555,18.9840944073884,"60_74","all","Fédération Française de la randonnée pédestre"
246,138,9.56738768718802,"5_9","all","Fédération Française de roller skating"
246,81,2.76130087952547,"30_44","h","Fédération Française de roller skating"
246,92,13.2717830351991,"10_14","h","Fédération Française de roller skating"
246,157,11.4032539221383,"10_14","all","Fédération Française de roller skating"
246,78,3.63619411682439,"15_19","all","Fédération Française de roller skating"
246,62,8.61589772095609,"5_9","f","Fédération Française de roller skating"
246,734,2.57580915149197,"all","all","Fédération Française de roller skating"
246,42,1.52538679450861,"30_44","f","Fédération Française de roller skating"
246,33,1.05833680767134,"20_29","f","Fédération Française de roller skating"
246,5,0.590318772136954,"0_4","h","Fédération Française de roller skating"
246,47,2.07835853895817,"45_59","h","Fédération Française de roller skating"
246,34,1.31172839506173,"45_59","f","Fédération Française de roller skating"
246,5,0.303563839475442,"0_4","all","Fédération Française de roller skating"
246,65,9.50709375457072,"10_14","f","Fédération Française de roller skating"
246,76,10.5146651909242,"5_9","h","Fédération Française de roller skating"
246,123,2.1629035661532,"30_44","all","Fédération Française de roller skating"
246,463,3.43474358118384,"all","h","Fédération Française de roller skating"
246,52,5.13124136569963,"15_19","h","Fédération Française de roller skating"
246,10,0.811951932445599,"60_74","h","Fédération Française de roller skating"
246,0,0,"75_99","f","Fédération Française de roller skating"
246,9,0.531914893617021,"60_74","f","Fédération Française de roller skating"
246,99,3.25893738889986,"20_29","h","Fédération Française de roller skating"
246,132,2.14428434509982,"20_29","all","Fédération Française de roller skating"
246,1,0.135263086703639,"75_99","h","Fédération Française de roller skating"
246,19,0.649905934667351,"60_74","all","Fédération Française de roller skating"
246,0,0,"0_4","f","Fédération Française de roller skating"
246,1,0.0441540091840339,"75_99","all","Fédération Française de roller skating"
246,82,1.68953723163143,"45_59","all","Fédération Française de roller skating"
246,25,2.20906600689229,"15_19","f","Fédération Française de roller skating"
246,271,1.80474160895045,"all","f","Fédération Française de roller skating"
